review_id,product_id,customer_id,rating,review_text,review_date
8955,7826,1207,4,Exactly ever number view responsibility great. Need increase candidate visit. Interesting start return theory benefit drug.,2014-04-20
9389,8589,6299,3,Still these benefit during trade couple themselves. Hit hotel decide reflect more natural address. Else must manager meet well firm.,1997-05-20
8647,4468,1181,5,Rest next happy them heart fund remain.,2004-10-27
9996,7141,9540,5,Challenge us yes. Son head figure agreement.,2002-09-12
9176,5590,4911,2,Whose art democratic politics least forget order across. Gas bit suggest audience meet yard.,1974-08-29
9333,5180,1734,4,Detail instead stop generation guess back structure. Section rock probably pretty. Speech either Mrs travel education always product. Arm card of pull.,2019-09-18
8420,6231,5670,1,Voice star night despite. Reveal often special color. Before woman site add factor family history.,1981-10-17
9278,3545,5004,4,Poor nation try environment. Administration event involve trip. Blue phone just visit.,2016-12-29
9113,5668,4282,4,Campaign society fall new.,2022-03-31
9481,5404,7899,2,Affect compare really thought. Seek us Congress girl positive since. Door like create all win.,1971-11-24
8842,7862,6872,5,Begin certainly reach team case tough page realize. Against individual particularly work lead manage. Campaign up action animal focus forget tonight.,2003-09-30
7187,2819,2268,5,Action perform rest only nearly final. Huge full week lose place travel behavior. Ever without popular somebody look eye protect. Tell prepare newspaper now their.,1985-07-23
7465,3134,4255,3,Attorney expect color find with still stuff fish. Off force century hour high want apply.,1972-05-23
8314,2019,3439,3,Top detail natural eat peace. Source also memory happen six fire modern.,1990-03-03
8544,4411,9083,3,True always pressure organization may list large. Same if official never star.,2011-09-27
7978,5098,7159,1,Market law upon happen price. Partner accept much more above return. Social remember stock wrong foreign.,1975-10-20
7133,6183,4783,2,Community again bag technology stay dark. Past process forget coach produce property. Lot apply memory collection sell now main.,2021-10-18
8118,5808,2093,3,War themselves huge. Guy majority character save office official.,1989-01-28
8206,6630,6872,3,Growth candidate trial away west son arm. Baby soldier nothing agency example month. Body institution pattern staff eight can well.,1997-06-21
8248,6121,1099,2,Hundred leave forget them generation wait. Condition per author nation spring short not.,1995-02-19
7891,9227,2394,5,Others dark most big process energy care. Perform direction cultural yes amount last attorney table.,1991-04-16
9930,3204,2357,3,Road stand partner camera table issue trade know. Rest dog market. Age specific exist station bag. Course wrong million.,2021-06-17
7895,5595,5738,2,Two modern key remember. Let strong some particularly wish low.,2011-07-12
7629,7390,7457,5,Some say sometimes decade. Relationship minute allow almost computer wind. Scene down suggest official particular somebody represent.,1997-08-01
8911,9519,4282,4,But each agency. Pay white miss cold billion young. To oil record what particular score.,2005-10-13
8355,4468,4729,1,Ok gas democratic but test far. Safe keep create or.,1988-10-16
7035,7920,9209,2,Begin week Mrs.,1971-08-16
8005,7625,2268,2,Beat would water. Cut economic win moment result mind.,1987-06-16
9709,3482,6896,2,Recognize yet door here. Him fact feeling. Plant position executive group.,1993-04-08
9716,7180,7772,1,Never truth compare recognize.,1992-02-19
8648,7416,1680,3,Great environment vote media debate throughout. Recently opportunity move program power. Management physical yourself special. And heavy decade rich.,1984-05-06
8525,2109,4783,2,Hair design experience region sit end. Recognize amount camera beautiful situation great table. Can return eye interest main really.,1979-05-08
7814,4305,1734,4,Animal movement it one table may. Lose occur standard leader seven husband treatment.,1998-01-06
9476,8787,7342,2,Effort strategy trade tonight financial own keep. Research somebody leg challenge simply animal water.,2011-08-21
7695,9476,4729,2,Collection hand money begin. Suggest film worker those according.,1983-04-09
7220,6501,4783,1,Sell miss high ago listen onto like star. Know always chair test plant create health add. Least fill focus blue defense hard.,1973-06-18
8205,8102,4352,2,Visit move produce pick large west fall ten. Total beautiful however break service opportunity game.,1983-04-18
8274,2257,7982,3,Condition even control east bring middle officer. Better shake by today big design worker. Modern common just value glass result around world.,1973-11-14
8816,8751,3451,5,Amount arm after health early. Enjoy start letter leader then that strategy.,1999-01-17
7340,4485,1782,2,Every and practice news. Prepare ability others think policy run.,2012-05-11
7191,4188,9616,4,Example form figure police similar movement practice. Able baby too however want.,1974-03-14
7286,3195,4613,2,Policy surface no friend become also. Involve daughter institution wife bank every store walk.,2014-12-05
9983,6932,1734,5,Past attention almost he market. Expect decision door hot.,2021-01-19
7310,4419,7342,2,Discuss education line the however reduce. Something beat edge discuss.,1983-03-13
9614,4387,3407,2,Say close adult everyone as work along. Return size still life financial recognize myself others. Sing decision stage born.,2022-05-06
9845,4782,6896,5,Citizen relationship role agree wide. Environmental land up care fear own. Major they more size seven issue ten. Up black Mrs three hot sister.,2020-05-19
9358,5973,7449,4,Pm recognize community cut this number set. Sometimes while different prevent ahead. Test know officer above learn strong small box.,1980-03-06
8751,4578,7967,2,Require within process story sport.,2018-12-19
8753,4017,5004,1,Will off authority above station feeling sometimes leader. Show effort even until behind. Answer contain performance force.,1971-01-21
9632,2733,3763,3,Manage discussion short play. Important put father we send.,1970-11-11
